Age,Workclass,fnlwgt,maritial_status,occupation,relationship,race,sex,capital_gain,capital_loss,hour_per_week,native country,class,education
40, Private,193524, Married_civ_spouse, Prof_specialty, Husband, White, Male,0,0,60, United_States,>50K, Doctorate
42, Private,116632, Married_civ_spouse, Prof_specialty, Husband, White, Male,0,0,45, United_States,>50K, Doctorate
43, Federal_gov,410867, Never_married, Prof_specialty, Not_in_family, White, Female,0,0,50, United_States,>50K, Doctorate
48, Self_emp_not_inc,191277, Married_civ_spouse, Prof_specialty, Husband, White, Male,0,1902,60, United_States,>50K, Doctorate
58, State_gov,109567, Married_civ_spouse, Prof_specialty, Husband, White, Male,0,0,1, United_States,>50K, Doctorate
46, Private,188386, Married_civ_spouse, Exec_managerial, Husband, White, Male,15024,0,60, United_States,>50K, Doctorate
29, Private,133937, Never_married, Prof_specialty, Own_child, White, Male,0,0,40, United_States,<=50, Doctorate
27, Private,158156, Never_married, Prof_specialty, Not_in_family, White, Female,0,0,70, United_States,<=50, Doctorate
52, Self_emp_not_inc,289436, Married_civ_spouse, Prof_specialty, Husband, White, Male,0,0,60, United_States,>50K, Doctorate
50, Self_emp_inc,195322, Separated, Prof_specialty, Not_in_family, White, Male,0,0,40, United_States,>50K, Doctorate
35, Private,292472, Married_civ_spouse, Prof_specialty, Husband, Asian_Pac_Islander, Male,0,0,40, Taiwan,>50K, Doctorate
46, Private,295566, Divorced, Prof_specialty, Unmarried, White, Female,25236,0,65, United_States,>50K, Doctorate
53, Self_emp_inc,128272, Married_civ_spouse, Exec_managerial, Husband, White, Male,0,0,70, United_States,>50K, Doctorate
48, State_gov,327886, Divorced, Prof_specialty, Own_child, White, Male,0,0,50, United_States,>50K, Doctorate
50, Private,168212, Married_civ_spouse, Prof_specialty, Husband, White, Male,0,1902,65, United_States,>50K, Doctorate
48, State_gov,55863, Married_civ_spouse, Prof_specialty, Wife, White, Female,0,1902,46, United_States,>50K, Doctorate
31, Private,196025, Married_spouse_absent, Prof_specialty, Not_in_family, Asian_Pac_Islander, Male,0,0,60, China,<=50, Doctorate
54, Private,99185, Married_civ_spouse, Prof_specialty, Husband, White, Male,15024,0,45, United_States,>50K, Doctorate
35, Private,119098, Married_civ_spouse, Prof_specialty, Husband, White, Male,7298,0,40, United_States,>50K, Doctorate
62, Private,134768, Married_civ_spouse, Prof_specialty, Husband, White, Male,7688,0,40, ?,>50K, Doctorate
44, Private,145160, Married_civ_spouse, Prof_specialty, Husband, White, Male,0,0,40, United_States,>50K, Doctorate
36, Private,103110, Never_married, Prof_specialty, Not_in_family, White, Male,0,0,40, England,<=50, Doctorate
61, ?,188172, Widowed, ?, Not_in_family, White, Female,0,0,5, United_States,<=50, Doctorate
44, Private,175935, Married_civ_spouse, Adm_clerical, Husband, White, Male,0,0,55, United_States,>50K, Doctorate
29, Private,40083, Never_married, Prof_specialty, Not_in_family, White, Male,0,0,40, Canada,<=50, Doctorate
55, Private,67450, Never_married, Prof_specialty, Not_in_family, White, Male,0,0,40, England,<=50, Doctorate
40, Private,185145, Married_civ_spouse, Prof_specialty, Husband, White, Male,0,0,40, United_States,>50K, Doctorate
43, Private,57600, Married_spouse_absent, Prof_specialty, Not_in_family, White, Female,0,0,40, ?,<=50, Doctorate
58, State_gov,110517, Married_civ_spouse, Prof_specialty, Husband, Asian_Pac_Islander, Male,4064,0,40, India,<=50, Doctorate
49, State_gov,133917, Married_civ_spouse, Prof_specialty, Husband, Black, Male,0,1902,60, ?,>50K, Doctorate
64, State_gov,194894, Never_married, Prof_specialty, Not_in_family, White, Female,4787,0,40, United_States,>50K, Doctorate
51, State_gov,172962, Married_civ_spouse, Prof_specialty, Husband, White, Male,0,0,40, United_States,>50K, Doctorate
61, State_gov,124971, Married_civ_spouse, Prof_specialty, Husband, White, Male,0,0,40, ?,>50K, Doctorate
45, Private,178319, Married_civ_spouse, Prof_specialty, Husband, White, Male,0,0,56, United_States,>50K, Doctorate
64, Self_emp_not_inc,150121, Married_civ_spouse, Exec_managerial, Husband, White, Male,0,0,25, United_States,>50K, Doctorate
31, Local_gov,446358, Never_married, Prof_specialty, Not_in_family, White, Male,0,0,50, Mexico,>50K, Doctorate
51, Private,293196, Married_civ_spouse, Prof_specialty, Husband, White, Male,15024,0,60, Iran,>50K, Doctorate
45, Private,214627, Widowed, Prof_specialty, Unmarried, White, Male,15020,0,40, Iran,>50K, Doctorate
32, Self_emp_not_inc,65278, Married_civ_spouse, Exec_managerial, Husband, White, Male,0,0,40, United_States,<=50, Doctorate
49, State_gov,183710, Married_civ_spouse, Exec_managerial, Husband, White, Male,0,0,50, United_States,>50K, Doctorate
68, State_gov,235882, Married_civ_spouse, Prof_specialty, Husband, White, Male,0,2377,60, United_States,>50K, Doctorate
53, State_gov,50048, Married_civ_spouse, Prof_specialty, Husband, White, Male,7688,0,50, United_States,>50K, Doctorate
37, Self_emp_inc,382802, Married_civ_spouse, Prof_specialty, Husband, Black, Male,0,0,99, United_States,>50K, Doctorate
72, Self_emp_not_inc,52138, Married_civ_spouse, Prof_specialty, Husband, White, Male,0,2392,25, United_States,>50K, Doctorate
72, ?,118902, Married_civ_spouse, ?, Husband, White, Male,0,2392,6, United_States,>50K, Doctorate
33, Private,144064, Married_civ_spouse, Prof_specialty, Husband, White, Male,0,0,55, United_States,>50K, Doctorate
75, Self_emp_not_inc,231741, Married_civ_spouse, Prof_specialty, Husband, White, Male,4931,0,3, United_States,<=50, Doctorate
36, Private,356838, Married_civ_spouse, Prof_specialty, Husband, White, Male,0,0,50, Canada,<=50, Doctorate
53, Federal_gov,199720, Married_civ_spouse, Prof_specialty, Husband, White, Male,15024,0,60, Germany,>50K, Doctorate
52, State_gov,149650, Married_civ_spouse, Prof_specialty, Husband, White, Male,0,0,40, Iran,>50K, Doctorate
68, Private,128472, Married_civ_spouse, Prof_specialty, Husband, White, Male,0,0,55, United_States,>50K, Doctorate
55, Private,50164, Married_civ_spouse, Exec_managerial, Husband, White, Male,0,0,60, United_States,>50K, Doctorate
40, State_gov,91949, Never_married, Prof_specialty, Not_in_family, Black, Female,0,0,40, United_States,<=50, Doctorate
31, Private,100734, Never_married, Prof_specialty, Not_in_family, White, Female,0,0,28, United_States,<=50, Doctorate
51, Federal_gov,282680, Never_married, Prof_specialty, Not_in_family, White, Female,0,1564,70, United_States,>50K, Doctorate
30, Private,315640, Married_civ_spouse, Prof_specialty, Husband, Asian_Pac_Islander, Male,0,1977,40, China,>50K, Doctorate
33, Private,254221, Never_married, Prof_specialty, Not_in_family, White, Female,0,0,60, United_States,>50K, Doctorate
48, Private,192894, Married_civ_spouse, Prof_specialty, Husband, White, Male,0,0,40, United_States,>50K, Doctorate
38, Private,146091, Married_civ_spouse, Exec_managerial, Wife, White, Female,99999,0,36, United_States,>50K, Doctorate
40, State_gov,506329, Married_civ_spouse, Prof_specialty, Husband, Asian_Pac_Islander, Male,0,0,40, Taiwan,>50K, Doctorate
45, Private,214068, Married_civ_spouse, Prof_specialty, Husband, White, Male,0,0,50, United_States,>50K, Doctorate
36, Self_emp_not_inc,177907, Never_married, Prof_specialty, Not_in_family, White, Male,0,0,40, United_States,>50K, Doctorate
42, State_gov,117583, Divorced, Prof_specialty, Not_in_family, White, Female,8614,0,60, United_States,>50K, Doctorate
53, State_gov,53197, Married_civ_spouse, Adm_clerical, Husband, White, Male,0,0,50, United_States,>50K, Doctorate
51, Private,306108, Never_married, Prof_specialty, Not_in_family, White, Male,0,0,40, United_States,>50K, Doctorate
55, Private,160662, Married_civ_spouse, Exec_managerial, Husband, White, Male,0,0,80, United_States,>50K, Doctorate
37, Federal_gov,129573, Married_civ_spouse, Prof_specialty, Husband, White, Male,0,0,72, ?,>50K, Doctorate
54, Private,88278, Married_civ_spouse, Prof_specialty, Husband, White, Male,0,1977,50, United_States,>50K, Doctorate
64, Self_emp_inc,165667, Married_civ_spouse, Prof_specialty, Husband, White, Male,7688,0,60, Canada,>50K, Doctorate
29, ?,134566, Married_civ_spouse, ?, Husband, White, Male,0,0,50, United_States,>50K, Doctorate
79, Private,120707, Married_civ_spouse, Prof_specialty, Husband, White, Male,20051,0,35, El_Salvador,>50K, Doctorate
59, Private,171355, Married_civ_spouse, Exec_managerial, Husband, White, Male,0,0,40, United_States,>50K, Doctorate
75, State_gov,113868, Married_civ_spouse, Prof_specialty, Husband, Black, Male,0,0,20, United_States,>50K, Doctorate
55, Private,116878, Married_civ_spouse, Prof_specialty, Husband, White, Male,15024,0,30, United_States,>50K, Doctorate
46, Federal_gov,43206, Never_married, Prof_specialty, Not_in_family, White, Female,0,1564,50, United_States,>50K, Doctorate
46, Self_emp_inc,214627, Married_civ_spouse, Prof_specialty, Husband, White, Male,0,0,60, United_States,>50K, Doctorate
29, Private,87507, Married_civ_spouse, Prof_specialty, Husband, Asian_Pac_Islander, Male,0,0,60, India,<=50, Doctorate
29, Private,282944, Married_civ_spouse, Prof_specialty, Husband, White, Male,0,0,50, United_States,>50K, Doctorate
41, Private,65372, Divorced, Sales, Unmarried, White, Female,0,0,50, United_States,>50K, Doctorate
35, Private,343403, Married_civ_spouse, Tech_support, Wife, White, Female,0,0,20, ?,<=50, Doctorate
47, Self_emp_not_inc,107231, Married_civ_spouse, Prof_specialty, Husband, White, Male,0,0,35, United_States,>50K, Doctorate
42, Self_emp_inc,277256, Married_civ_spouse, Prof_specialty, Husband, White, Male,0,1977,60, United_States,>50K, Doctorate
27, Private,220754, Never_married, Adm_clerical, Own_child, White, Female,0,0,40, United_States,<=50, Doctorate
42, State_gov,104663, Never_married, Exec_managerial, Not_in_family, White, Female,0,0,40, Italy,>50K, Doctorate
37, Private,333305, Married_civ_spouse, Prof_specialty, Wife, White, Female,0,0,35, United_States,<=50, Doctorate
31, State_gov,75755, Married_civ_spouse, Exec_managerial, Husband, White, Male,7298,0,55, United_States,>50K, Doctorate
38, State_gov,200289, Married_civ_spouse, Prof_specialty, Husband, Asian_Pac_Islander, Male,0,0,40, Taiwan,<=50, Doctorate
53, State_gov,104501, Married_civ_spouse, Prof_specialty, Husband, White, Male,0,0,40, ?,>50K, Doctorate
51, Local_gov,146325, Married_civ_spouse, Prof_specialty, Husband, White, Male,0,1887,40, United_States,>50K, Doctorate
33, Private,170769, Divorced, Sales, Not_in_family, White, Male,99999,0,60, United_States,>50K, Doctorate
34, Private,228873, Married_civ_spouse, Prof_specialty, Husband, White, Male,0,0,45, United_States,>50K, Doctorate
39, Private,286789, Married_civ_spouse, Exec_managerial, Husband, White, Male,0,0,45, United_States,>50K, Doctorate
36, State_gov,112074, Never_married, Prof_specialty, Not_in_family, White, Male,0,0,45, United_States,<=50, Doctorate
33, Private,238912, Married_civ_spouse, Prof_specialty, Husband, White, Male,0,0,60, United_States,>50K, Doctorate
51, Private,142717, Divorced, Craft_repair, Not_in_family, White, Female,4787,0,60, United_States,>50K, Doctorate
27, Private,216858, Never_married, Prof_specialty, Not_in_family, White, Male,0,0,52, United_States,<=50, Doctorate
36, Self_emp_not_inc,343721, Never_married, Prof_specialty, Not_in_family, White, Male,0,0,30, ?,>50K, Doctorate
65, Private,115880, Married_civ_spouse, Exec_managerial, Husband, White, Male,0,0,40, United_States,>50K, Doctorate
55, Local_gov,37869, Never_married, Prof_specialty, Not_in_family, White, Female,0,0,60, United_States,<=50, Doctorate
47, Self_emp_not_inc,159869, Married_civ_spouse, Craft_repair, Husband, White, Male,0,0,50, United_States,<=50, Doctorate
47, State_gov,120429, Married_civ_spouse, Prof_specialty, Husband, White, Male,15024,0,50, United_States,>50K, Doctorate
39, Private,203763, Divorced, Prof_specialty, Unmarried, White, Female,0,0,80, United_States,<=50, Doctorate
34, Private,319854, Never_married, Prof_specialty, Not_in_family, White, Male,0,0,40, Taiwan,>50K, Doctorate
42, Private,162003, Never_married, Prof_specialty, Not_in_family, White, Male,0,0,36, United_States,>50K, Doctorate
31, Self_emp_inc,117963, Never_married, Prof_specialty, Own_child, White, Male,0,0,40, United_States,<=50, Doctorate
68, Private,193666, Married_civ_spouse, Prof_specialty, Husband, White, Male,20051,0,55, United_States,>50K, Doctorate
39, State_gov,99156, Married_civ_spouse, Prof_specialty, Husband, White, Male,0,0,50, United_States,>50K, Doctorate
52, Private,110977, Never_married, Exec_managerial, Not_in_family, White, Male,0,0,40, United_States,>50K, Doctorate
41, State_gov,116520, Married_civ_spouse, Prof_specialty, Husband, White, Male,0,0,40, United_States,>50K, Doctorate
54, Self_emp_inc,99185, Married_civ_spouse, Prof_specialty, Husband, White, Male,0,0,50, ?,>50K, Doctorate
42, Private,46221, Married_spouse_absent, Other_service, Not_in_family, White, Male,27828,0,60, ?,>50K, Doctorate
33, Private,276221, Married_civ_spouse, Prof_specialty, Husband, White, Male,0,0,40, United_States,<=50, Doctorate
34, Private,347166, Never_married, Prof_specialty, Not_in_family, White, Male,0,0,50, United_States,>50K, Doctorate
64, State_gov,216160, Married_civ_spouse, Prof_specialty, Husband, White, Male,0,0,50, Columbia,>50K, Doctorate
56, State_gov,54260, Married_civ_spouse, Prof_specialty, Not_in_family, Asian_Pac_Islander, Male,2885,0,40, China,<=50, Doctorate
42, Self_emp_not_inc,222978, Never_married, Prof_specialty, Not_in_family, White, Female,0,0,45, United_States,<=50, Doctorate
30, Private,496414, Never_married, Prof_specialty, Not_in_family, White, Male,0,0,40, ?,<=50, Doctorate
33, Self_emp_inc,281832, Married_civ_spouse, Prof_specialty, Husband, White, Male,0,0,40, Cuba,>50K, Doctorate
32, Self_emp_inc,191385, Never_married, Prof_specialty, Not_in_family, White, Male,0,0,77, United_States,<=50, Doctorate
43, State_gov,261929, Married_spouse_absent, Prof_specialty, Unmarried, White, Male,25236,0,64, United_States,>50K, Doctorate
50, Self_emp_not_inc,225772, Divorced, Prof_specialty, Not_in_family, White, Female,0,0,60, United_States,>50K, Doctorate
43, Self_emp_inc,35662, Married_civ_spouse, Prof_specialty, Wife, White, Female,0,0,70, United_States,>50K, Doctorate
42, Self_emp_not_inc,115323, Never_married, Prof_specialty, Not_in_family, White, Male,0,0,7, ?,<=50, Doctorate
51, Federal_gov,73670, Married_civ_spouse, Prof_specialty, Husband, White, Male,4386,0,52, United_States,>50K, Doctorate
42, Local_gov,185129, Married_civ_spouse, Exec_managerial, Husband, White, Male,0,0,43, ?,>50K, Doctorate
37, Private,188576, Married_civ_spouse, Prof_specialty, Husband, Asian_Pac_Islander, Male,0,0,40, ?,<=50, Doctorate
68, ?,146645, Married_civ_spouse, ?, Husband, White, Male,20051,0,50, United_States,>50K, Doctorate
45, Local_gov,215862, Married_civ_spouse, Exec_managerial, Husband, White, Male,7688,0,45, United_States,>50K, Doctorate
35, Private,189623, Married_civ_spouse, Exec_managerial, Husband, White, Male,0,0,45, United_States,>50K, Doctorate
72, Local_gov,144515, Married_civ_spouse, Exec_managerial, Husband, White, Male,0,1258,40, United_States,<=50, Doctorate
56, Federal_gov,196307, Married_civ_spouse, Prof_specialty, Husband, White, Male,0,0,40, United_States,>50K, Doctorate
56, Self_emp_inc,205601, Married_civ_spouse, Prof_specialty, Husband, White, Male,99999,0,70, United_States,>50K, Doctorate
52, Private,96359, Married_civ_spouse, Exec_managerial, Husband, White, Male,0,0,57, United_States,>50K, Doctorate
36, Self_emp_not_inc,188972, Separated, Prof_specialty, Unmarried, White, Female,0,0,10, Canada,<=50, Doctorate
63, State_gov,194682, Married_civ_spouse, Exec_managerial, Husband, White, Male,0,1902,50, United_States,>50K, Doctorate
47, Private,114459, Married_civ_spouse, Prof_specialty, Husband, White, Male,0,0,50, United_States,>50K, Doctorate
47, Federal_gov,102771, Married_civ_spouse, Prof_specialty, Husband, White, Male,0,0,40, United_States,>50K, Doctorate
57, State_gov,290661, Divorced, Prof_specialty, Not_in_family, White, Male,0,0,60, United_States,>50K, Doctorate
30, Private,356882, Never_married, Prof_specialty, Own_child, White, Male,0,0,20, United_States,<=50, Doctorate
59, Private,91384, Married_civ_spouse, Prof_specialty, Husband, White, Male,0,0,60, United_States,>50K, Doctorate
30, Private,447739, Never_married, Prof_specialty, Not_in_family, White, Male,0,0,60, United_States,<=50, Doctorate
59, State_gov,398626, Divorced, Prof_specialty, Unmarried, White, Male,25236,0,45, United_States,>50K, Doctorate
44, Private,257758, Married_civ_spouse, Prof_specialty, Husband, White, Male,0,0,40, United_States,>50K, Doctorate
44, State_gov,136546, Married_civ_spouse, Prof_specialty, Husband, White, Male,0,1902,40, United_States,>50K, Doctorate
45, Private,178319, Married_civ_spouse, Prof_specialty, Husband, White, Male,7688,0,50, United_States,>50K, Doctorate
33, Self_emp_inc,239018, Married_civ_spouse, Prof_specialty, Husband, White, Male,0,0,60, United_States,<=50, Doctorate
41, State_gov,309056, Married_civ_spouse, Prof_specialty, Husband, White, Male,0,0,50, United_States,>50K, Doctorate
32, Private,196342, Never_married, Prof_specialty, Not_in_family, White, Male,0,0,40, United_States,>50K, Doctorate
47, State_gov,148171, Divorced, Prof_specialty, Unmarried, White, Male,0,0,50, France,>50K, Doctorate
50, State_gov,289207, Married_civ_spouse, Prof_specialty, Husband, White, Male,0,1902,45, United_States,>50K, Doctorate
45, Private,363677, Married_civ_spouse, Prof_specialty, Wife, White, Female,0,1977,30, United_States,>50K, Doctorate
74, State_gov,88638, Never_married, Prof_specialty, Other_relative, White, Female,0,3683,20, United_States,>50K, Doctorate
51, Private,160724, Married_civ_spouse, Prof_specialty, Husband, Asian_Pac_Islander, Male,0,0,99, South,<=50, Doctorate
47, Private,193047, Married_civ_spouse, Exec_managerial, Husband, White, Male,99999,0,50, United_States,>50K, Doctorate
47, State_gov,54887, Married_civ_spouse, Prof_specialty, Husband, White, Male,0,0,40, United_States,>50K, Doctorate
37, Self_emp_not_inc,164526, Never_married, Prof_specialty, Not_in_family, White, Male,14084,0,45, United_States,>50K, Doctorate
41, Private,146908, Married_civ_spouse, Prof_specialty, Husband, White, Male,0,0,60, United_States,>50K, Doctorate
24, State_gov,208826, Never_married, Prof_specialty, Not_in_family, White, Female,0,0,99, England,<=50, Doctorate
69, State_gov,203072, Married_civ_spouse, Prof_specialty, Husband, White, Male,0,0,50, United_States,>50K, Doctorate
67, Self_emp_not_inc,106143, Married_civ_spouse, Sales, Husband, White, Male,20051,0,40, United_States,>50K, Doctorate
46, State_gov,27243, Married_civ_spouse, Prof_specialty, Husband, White, Male,7688,0,45, United_States,>50K, Doctorate
50, Self_emp_not_inc,176867, Married_civ_spouse, Prof_specialty, Husband, White, Male,3781,0,40, United_States,<=50, Doctorate
50, Self_emp_not_inc,219420, Divorced, Sales, Not_in_family, White, Male,0,0,64, United_States,<=50, Doctorate
40, State_gov,86912, Married_civ_spouse, Prof_specialty, Husband, White, Male,0,0,50, United_States,>50K, Doctorate
42, Self_emp_not_inc,24763, Married_civ_spouse, Prof_specialty, Husband, White, Male,15024,0,40, United_States,>50K, Doctorate
40, Private,220977, Married_civ_spouse, Exec_managerial, Husband, Asian_Pac_Islander, Male,3103,0,40, India,>50K, Doctorate
49, State_gov,231961, Divorced, Prof_specialty, Unmarried, White, Male,0,0,50, United_States,>50K, Doctorate
57, State_gov,32694, Married_civ_spouse, Prof_specialty, Husband, White, Male,0,0,40, United_States,>50K, Doctorate
37, Private,51264, Married_civ_spouse, Prof_specialty, Husband, White, Male,0,0,99, France,>50K, Doctorate
38, State_gov,22245, Married_civ_spouse, Prof_specialty, Husband, White, Male,0,0,45, United_States,>50K, Doctorate
66, Local_gov,376506, Divorced, Prof_specialty, Not_in_family, White, Female,3273,0,40, United_States,<=50, Doctorate
54, State_gov,312897, Married_civ_spouse, Prof_specialty, Husband, White, Male,0,0,46, England,>50K, Doctorate
59, Private,95165, Married_civ_spouse, Sales, Husband, White, Male,0,0,40, United_States,<=50, Doctorate
67, ?,129188, Married_civ_spouse, ?, Husband, White, Male,20051,0,5, United_States,>50K, Doctorate
51, State_gov,454063, Married_civ_spouse, Exec_managerial, Husband, White, Male,7298,0,40, United_States,>50K, Doctorate
47, State_gov,80282, Married_civ_spouse, Prof_specialty, Husband, White, Male,0,0,45, United_States,<=50, Doctorate
48, Self_emp_not_inc,181758, Never_married, Prof_specialty, Unmarried, White, Female,0,0,60, United_States,>50K, Doctorate
45, Private,198759, Married_civ_spouse, Exec_managerial, Husband, White, Male,0,0,60, United_States,<=50, Doctorate
44, Private,109912, Married_civ_spouse, Exec_managerial, Wife, White, Female,15024,0,32, United_States,>50K, Doctorate
58, Private,98725, Married_civ_spouse, Prof_specialty, Husband, White, Male,0,0,50, United_States,>50K, Doctorate
35, Private,113481, Married_civ_spouse, Prof_specialty, Husband, White, Male,0,0,60, United_States,<=50, Doctorate
46, Self_emp_inc,62546, Separated, Prof_specialty, Not_in_family, White, Male,0,0,35, United_States,<=50, Doctorate
53, State_gov,246820, Married_civ_spouse, Prof_specialty, Husband, White, Male,0,0,50, United_States,>50K, Doctorate
52, State_gov,254285, Married_civ_spouse, Prof_specialty, Husband, White, Male,0,1887,70, Germany,>50K, Doctorate
45, Private,201865, Married_civ_spouse, Exec_managerial, Husband, White, Male,0,0,45, United_States,>50K, Doctorate
57, Self_emp_not_inc,177271, Married_civ_spouse, Prof_specialty, Husband, White, Male,0,0,35, United_States,<=50, Doctorate
33, Self_emp_not_inc,196342, Never_married, Prof_specialty, Not_in_family, White, Male,0,0,45, United_States,>50K, Doctorate
28, Private,606111, Never_married, Prof_specialty, Not_in_family, White, Female,0,0,60, Germany,>50K, Doctorate
52, Self_emp_inc,334273, Married_civ_spouse, Prof_specialty, Husband, White, Male,99999,0,65, United_States,>50K, Doctorate
60, State_gov,165827, Married_civ_spouse, Prof_specialty, Husband, White, Male,7688,0,60, United_States,>50K, Doctorate
53, Private,82646, Divorced, Exec_managerial, Not_in_family, White, Female,0,0,55, United_States,>50K, Doctorate
30, Private,186932, Married_civ_spouse, Prof_specialty, Husband, White, Male,5178,0,75, United_States,>50K, Doctorate
61, Private,423297, Married_civ_spouse, Prof_specialty, Husband, White, Male,0,0,40, United_States,>50K, Doctorate
49, Self_emp_inc,94606, Married_civ_spouse, Prof_specialty, Husband, Black, Male,0,0,60, United_States,>50K, Doctorate
38, State_gov,104280, Married_civ_spouse, Prof_specialty, Husband, White, Male,0,0,55, United_States,>50K, Doctorate
53, Self_emp_inc,42924, Divorced, Exec_managerial, Not_in_family, White, Male,14084,0,50, United_States,>50K, Doctorate
43, Federal_gov,211763, Separated, Prof_specialty, Unmarried, Black, Female,0,0,24, United_States,>50K, Doctorate
60, State_gov,234854, Married_civ_spouse, Prof_specialty, Husband, White, Male,0,1902,40, United_States,>50K, Doctorate
43, State_gov,222978, Separated, Prof_specialty, Unmarried, White, Female,0,0,40, United_States,>50K, Doctorate
54, State_gov,188809, Never_married, Exec_managerial, Not_in_family, White, Female,0,0,50, United_States,>50K, Doctorate
37, Self_emp_not_inc,143368, Married_civ_spouse, Prof_specialty, Husband, White, Male,0,0,60, United_States,<=50, Doctorate
39, Self_emp_not_inc,160120, Divorced, Adm_clerical, Other_relative, Other, Male,0,0,40, ?,<=50, Doctorate
53, Private,71772, Divorced, Prof_specialty, Not_in_family, White, Male,0,0,50, United_States,<=50, Doctorate
51, ?,172175, Never_married, ?, Not_in_family, White, Male,0,2824,40, United_States,>50K, Doctorate
59, Private,205759, Never_married, Prof_specialty, Not_in_family, White, Male,0,0,50, United_States,<=50, Doctorate
42, Self_emp_inc,443508, Married_civ_spouse, Prof_specialty, Husband, White, Male,0,0,45, United_States,>50K, Doctorate
52, Private,178983, Married_civ_spouse, Prof_specialty, Husband, White, Male,0,0,40, ?,>50K, Doctorate
34, Private,418020, Married_civ_spouse, Prof_specialty, Husband, White, Male,0,0,50, United_States,>50K, Doctorate
44, Self_emp_inc,64632, Married_civ_spouse, Prof_specialty, Husband, White, Male,0,0,60, United_States,<=50, Doctorate
30, Private,174215, Never_married, Prof_specialty, Not_in_family, White, Female,0,0,15, United_States,<=50, Doctorate
49, Self_emp_not_inc,51620, Married_civ_spouse, Prof_specialty, Husband, White, Male,0,0,60, United_States,<=50, Doctorate
34, Self_emp_not_inc,319165, Married_civ_spouse, Prof_specialty, Husband, White, Male,0,0,50, United_States,>50K, Doctorate
41, Self_emp_inc,495061, Married_civ_spouse, Prof_specialty, Husband, White, Male,99999,0,70, United_States,>50K, Doctorate
64, Self_emp_inc,59145, Married_civ_spouse, Exec_managerial, Husband, White, Male,0,1902,60, United_States,>50K, Doctorate
29, Self_emp_inc,241431, Married_civ_spouse, Prof_specialty, Husband, White, Male,0,0,35, United_States,>50K, Doctorate
39, Self_emp_not_inc,164593, Never_married, Prof_specialty, Not_in_family, White, Male,4787,0,40, United_States,>50K, Doctorate
35, Federal_gov,103214, Never_married, Prof_specialty, Not_in_family, Amer_Indian_Eskimo, Female,0,0,60, United_States,>50K, Doctorate
63, Federal_gov,39181, Divorced, Exec_managerial, Not_in_family, White, Female,0,2559,60, United_States,>50K, Doctorate
75, ?,36243, Never_married, ?, Not_in_family, White, Male,0,0,40, United_States,<=50, Doctorate
55, Self_emp_not_inc,53566, Divorced, Exec_managerial, Not_in_family, White, Female,0,0,30, United_States,<=50, Doctorate
61, Local_gov,180079, Married_civ_spouse, Exec_managerial, Husband, White, Male,4064,0,40, United_States,<=50, Doctorate
31, Self_emp_not_inc,357145, Never_married, Prof_specialty, Own_child, White, Female,0,0,48, United_States,<=50, Doctorate
48, Private,143098, Married_civ_spouse, Prof_specialty, Husband, Asian_Pac_Islander, Male,0,1902,40, China,>50K, Doctorate
40, Private,146908, Married_civ_spouse, Prof_specialty, Husband, White, Male,0,0,60, United_States,>50K, Doctorate
41, Private,150755, Married_civ_spouse, Exec_managerial, Husband, White, Male,15024,0,50, Canada,>50K, Doctorate
42, Private,31387, Married_spouse_absent, Prof_specialty, Unmarried, Amer_Indian_Eskimo, Female,0,0,40, United_States,<=50, Doctorate
41, Private,220531, Married_civ_spouse, Prof_specialty, Husband, White, Male,0,0,50, United_States,>50K, Doctorate
42, Private,115511, Married_civ_spouse, Prof_specialty, Husband, White, Male,0,0,50, United_States,<=50, Doctorate
47, Private,141511, Married_civ_spouse, Prof_specialty, Husband, White, Male,0,0,60, United_States,>50K, Doctorate
72, Private,225780, Never_married, Prof_specialty, Not_in_family, White, Male,0,0,30, United_States,<=50, Doctorate
42, Private,139012, Married_civ_spouse, Prof_specialty, Husband, Asian_Pac_Islander, Male,0,0,40, Taiwan,>50K, Doctorate
48, Private,276664, Married_civ_spouse, Prof_specialty, Husband, White, Male,0,1902,50, United_States,>50K, Doctorate
80, Private,86111, Married_civ_spouse, Prof_specialty, Husband, White, Male,0,0,30, United_States,<=50, Doctorate
45, State_gov,101299, Married_civ_spouse, Prof_specialty, Husband, White, Male,0,0,40, United_States,>50K, Doctorate
49, Self_emp_not_inc,182752, Married_civ_spouse, Prof_specialty, Wife, White, Female,0,0,35, United_States,>50K, Doctorate
50, Private,145333, Divorced, Prof_specialty, Other_relative, White, Male,10520,0,50, United_States,>50K, Doctorate
28, Private,183597, Never_married, Prof_specialty, Not_in_family, White, Male,594,0,50, Germany,<=50, Doctorate
68, Self_emp_not_inc,89011, Married_civ_spouse, Prof_specialty, Husband, White, Male,0,0,50, Canada,<=50, Doctorate
39, Private,190297, Married_civ_spouse, Prof_specialty, Husband, White, Male,99999,0,55, United_States,>50K, Doctorate
56, Private,314149, Married_civ_spouse, Prof_specialty, Husband, White, Male,0,0,50, United_States,>50K, Doctorate
62, Local_gov,167889, Widowed, Prof_specialty, Unmarried, White, Female,0,0,40, Iran,<=50, Doctorate
53, Local_gov,216691, Divorced, Prof_specialty, Not_in_family, White, Female,10520,0,40, United_States,>50K, Doctorate
28, Private,115945, Never_married, Adm_clerical, Own_child, White, Male,0,0,18, United_States,<=50, Doctorate
40, Private,145160, Married_civ_spouse, Prof_specialty, Husband, White, Male,0,0,40, United_States,>50K, Doctorate
38, State_gov,110426, Married_civ_spouse, Prof_specialty, Wife, White, Female,7688,0,40, ?,>50K, Doctorate
35, Private,406051, Never_married, Prof_specialty, Not_in_family, White, Female,0,0,80, United_States,>50K, Doctorate
59, Private,146391, Married_civ_spouse, Prof_specialty, Husband, White, Male,0,0,50, United_States,>50K, Doctorate
34, Federal_gov,345259, Never_married, Prof_specialty, Not_in_family, White, Female,0,0,99, United_States,<=50, Doctorate
33, State_gov,220066, Married_civ_spouse, Prof_specialty, Wife, White, Female,0,0,48, United_States,>50K, Doctorate
46, Local_gov,398986, Married_civ_spouse, Prof_specialty, Wife, White, Female,0,1902,52, United_States,>50K, Doctorate
60, Private,101096, Never_married, Prof_specialty, Not_in_family, White, Female,0,0,65, United_States,>50K, Doctorate
77, Self_emp_inc,84979, Married_civ_spouse, Farming_fishing, Husband, White, Male,20051,0,40, United_States,>50K, Doctorate
40, State_gov,174283, Married_civ_spouse, Prof_specialty, Husband, White, Male,0,1887,50, United_States,>50K, Doctorate
44, Local_gov,231793, Married_spouse_absent, Prof_specialty, Unmarried, White, Female,0,0,38, United_States,<=50, Doctorate
48, Private,173243, Married_civ_spouse, Prof_specialty, Husband, White, Male,0,0,45, United_States,>50K, Doctorate
49, Private,133969, Married_civ_spouse, Prof_specialty, Husband, Other, Male,0,0,50, United_States,>50K, Doctorate
32, State_gov,169583, Never_married, Prof_specialty, Not_in_family, White, Female,0,0,70, United_States,<=50, Doctorate
70, Self_emp_inc,272896, Married_civ_spouse, Exec_managerial, Husband, White, Male,0,0,40, United_States,>50K, Doctorate
44, Private,148138, Married_civ_spouse, Exec_managerial, Husband, Asian_Pac_Islander, Male,15024,0,40, Japan,>50K, Doctorate
79, Local_gov,146244, Widowed, Prof_specialty, Unmarried, White, Female,0,0,40, United_States,<=50, Doctorate
31, Private,136398, Married_civ_spouse, Prof_specialty, Husband, Asian_Pac_Islander, Male,0,0,50, Thailand,>50K, Doctorate
68, ?,351402, Married_civ_spouse, ?, Husband, White, Male,0,0,70, United_States,<=50, Doctorate
58, Private,186385, Never_married, Prof_specialty, Not_in_family, White, Male,0,0,8, United_States,<=50, Doctorate
49, Local_gov,358668, Married_civ_spouse, Prof_specialty, Husband, White, Male,0,0,45, United_States,>50K, Doctorate
54, State_gov,103179, Married_civ_spouse, Exec_managerial, Husband, White, Male,0,1902,50, United_States,>50K, Doctorate
45, Private,207540, Separated, Exec_managerial, Unmarried, White, Male,0,0,40, United_States,>50K, Doctorate
52, Local_gov,35092, Married_civ_spouse, Exec_managerial, Husband, White, Male,0,0,40, United_States,>50K, Doctorate
48, Self_emp_inc,287647, Married_civ_spouse, Prof_specialty, Husband, White, Male,7688,0,55, United_States,>50K, Doctorate
74, Self_emp_not_inc,173929, Married_spouse_absent, Prof_specialty, Not_in_family, White, Male,0,0,25, United_States,>50K, Doctorate
52, Private,160703, Married_civ_spouse, Prof_specialty, Husband, White, Male,0,0,65, United_States,>50K, Doctorate
53, Self_emp_inc,100029, Married_civ_spouse, Prof_specialty, Husband, White, Male,0,0,40, United_States,>50K, Doctorate
52, Private,167794, Married_civ_spouse, Exec_managerial, Husband, White, Male,0,0,38, United_States,>50K, Doctorate
38, Local_gov,286405, Married_civ_spouse, Exec_managerial, Husband, White, Male,0,1887,50, United_States,>50K, Doctorate
56, Private,245215, Married_civ_spouse, Prof_specialty, Husband, White, Male,0,0,50, United_States,<=50, Doctorate
53, State_gov,71417, Married_civ_spouse, Prof_specialty, Husband, White, Male,0,0,40, United_States,<=50, Doctorate
34, State_gov,145874, Married_civ_spouse, Tech_support, Husband, Asian_Pac_Islander, Male,0,0,20, China,<=50, Doctorate
42, Private,269028, Married_civ_spouse, Prof_specialty, Husband, White, Male,0,0,40, France,<=50, Doctorate
59, State_gov,192258, Married_civ_spouse, Prof_specialty, Husband, White, Male,0,0,40, United_States,>50K, Doctorate
54, Self_emp_inc,147239, Married_civ_spouse, Prof_specialty, Husband, White, Male,0,0,60, United_States,>50K, Doctorate
43, Private,58447, Married_civ_spouse, Prof_specialty, Husband, White, Male,99999,0,55, United_States,>50K, Doctorate
53, State_gov,231472, Married_civ_spouse, Prof_specialty, Husband, White, Male,0,0,40, United_States,>50K, Doctorate
45, Private,165484, Married_civ_spouse, Prof_specialty, Husband, White, Male,0,0,50, United_States,>50K, Doctorate
48, Self_emp_inc,382242, Married_civ_spouse, Exec_managerial, Wife, White, Female,0,0,40, United_States,>50K, Doctorate
46, Private,375606, Never_married, Prof_specialty, Not_in_family, White, Male,0,0,40, United_States,>50K, Doctorate
33, Federal_gov,331615, Married_civ_spouse, Prof_specialty, Husband, White, Male,0,1848,40, United_States,>50K, Doctorate
50, Private,43764, Married_civ_spouse, Prof_specialty, Husband, White, Male,15024,0,50, United_States,>50K, Doctorate
53, Private,124076, Married_civ_spouse, Prof_specialty, Wife, White, Female,99999,0,37, United_States,>50K, Doctorate
37, State_gov,160910, Married_civ_spouse, Prof_specialty, Husband, White, Male,0,0,45, United_States,<=50, Doctorate
41, Self_emp_not_inc,174395, Married_civ_spouse, Prof_specialty, Husband, White, Male,15024,0,55, United_States,>50K, Doctorate
66, Self_emp_not_inc,427422, Married_civ_spouse, Sales, Husband, White, Male,0,2377,25, United_States,>50K, Doctorate
56, Local_gov,52953, Divorced, Prof_specialty, Not_in_family, White, Female,0,1669,38, United_States,<=50, Doctorate
31, State_gov,207505, Married_civ_spouse, Prof_specialty, Husband, White, Male,0,1977,70, United_States,>50K, Doctorate
40, Private,346189, Married_civ_spouse, Prof_specialty, Husband, White, Male,0,0,40, United_States,>50K, Doctorate
69, Private,230417, Married_civ_spouse, Prof_specialty, Husband, White, Male,0,0,40, China,>50K, Doctorate
55, State_gov,120781, Married_civ_spouse, Prof_specialty, Husband, Asian_Pac_Islander, Male,0,0,40, India,>50K, Doctorate
61, Self_emp_inc,98350, Married_civ_spouse, Exec_managerial, Husband, Asian_Pac_Islander, Male,0,0,40, Taiwan,>50K, Doctorate
32, Private,44675, Married_civ_spouse, Prof_specialty, Husband, White, Male,0,0,65, United_States,>50K, Doctorate
31, Private,150309, Married_civ_spouse, Prof_specialty, Wife, White, Female,0,0,90, United_States,<=50, Doctorate
40, Private,130760, Married_civ_spouse, Prof_specialty, Husband, White, Male,0,0,45, United_States,<=50, Doctorate
59, Private,81929, Married_civ_spouse, Prof_specialty, Husband, White, Male,0,2415,45, United_States,>50K, Doctorate
46, Self_emp_not_inc,353012, Married_civ_spouse, Prof_specialty, Husband, White, Male,0,1902,50, United_States,>50K, Doctorate
62, Private,195343, Divorced, Prof_specialty, Unmarried, White, Male,15020,0,50, United_States,>50K, Doctorate
35, Private,161637, Married_civ_spouse, Prof_specialty, Husband, Asian_Pac_Islander, Male,0,1902,40, Taiwan,>50K, Doctorate
45, Self_emp_not_inc,176814, Married_civ_spouse, Prof_specialty, Husband, White, Male,15024,0,40, United_States,>50K, Doctorate
61, Self_emp_not_inc,84409, Married_civ_spouse, Prof_specialty, Husband, White, Male,0,0,40, United_States,>50K, Doctorate
34, State_gov,56964, Married_civ_spouse, Prof_specialty, Wife, White, Female,0,0,50, United_States,>50K, Doctorate
51, State_gov,231495, Married_civ_spouse, Exec_managerial, Husband, White, Male,7688,0,55, United_States,>50K, Doctorate
54, State_gov,137065, Never_married, Exec_managerial, Not_in_family, White, Female,0,0,40, United_States,>50K, Doctorate
42, Private,34037, Never_married, Prof_specialty, Not_in_family, White, Male,0,0,50, United_States,<=50, Doctorate
48, State_gov,106377, Married_civ_spouse, Prof_specialty, Husband, White, Male,0,0,65, United_States,>50K, Doctorate
37, Private,189251, Separated, Prof_specialty, Unmarried, White, Female,0,0,40, United_States,<=50, Doctorate
27, State_gov,205499, Never_married, Prof_specialty, Not_in_family, White, Male,0,0,77, United_States,<=50, Doctorate
58, Self_emp_inc,182062, Married_civ_spouse, Prof_specialty, Husband, White, Male,0,0,24, United_States,>50K, Doctorate
39, State_gov,183092, Divorced, Prof_specialty, Not_in_family, White, Female,0,0,40, United_States,>50K, Doctorate
55, State_gov,117357, Married_civ_spouse, Prof_specialty, Husband, Asian_Pac_Islander, Male,0,0,70, ?,>50K, Doctorate
40, Private,46990, Married_civ_spouse, Prof_specialty, Wife, White, Female,0,1977,20, United_States,>50K, Doctorate
45, Private,148995, Never_married, Prof_specialty, Not_in_family, White, Male,99999,0,30, United_States,>50K, Doctorate
33, Private,115496, Married_civ_spouse, Prof_specialty, Husband, White, Male,0,0,60, United_States,>50K, Doctorate
50, Self_emp_inc,283676, Married_civ_spouse, Prof_specialty, Husband, White, Male,15024,0,60, United_States,>50K, Doctorate
34, State_gov,366198, Married_civ_spouse, Prof_specialty, Husband, White, Male,0,0,45, Germany,>50K, Doctorate
51, Self_emp_inc,100029, Married_civ_spouse, Prof_specialty, Husband, White, Male,15024,0,40, United_States,>50K, Doctorate
54, Private,182314, Married_civ_spouse, Exec_managerial, Husband, White, Male,0,1977,50, United_States,>50K, Doctorate
38, State_gov,321943, Married_civ_spouse, Prof_specialty, Husband, White, Male,0,0,40, United_States,>50K, Doctorate
67, State_gov,239705, Married_civ_spouse, Prof_specialty, Husband, Black, Male,0,0,12, ?,<=50, Doctorate
46, Private,249935, Married_civ_spouse, Prof_specialty, Husband, White, Male,0,0,70, United_States,<=50, Doctorate
64, Private,98586, Married_civ_spouse, Prof_specialty, Husband, White, Male,0,0,60, United_States,>50K, Doctorate
46, Private,456062, Married_civ_spouse, Prof_specialty, Husband, White, Male,0,2415,55, United_States,>50K, Doctorate
67, ?,150264, Married_civ_spouse, ?, Husband, White, Male,0,0,20, Canada,>50K, Doctorate
31, Private,147284, Married_civ_spouse, Prof_specialty, Husband, White, Male,0,1977,99, United_States,>50K, Doctorate
57, State_gov,19520, Divorced, Prof_specialty, Unmarried, White, Female,0,0,50, United_States,<=50, Doctorate
51, Local_gov,166461, Married_civ_spouse, Prof_specialty, Wife, Black, Female,0,0,40, United_States,>50K, Doctorate
63, ?,133166, Married_civ_spouse, ?, Husband, White, Male,0,0,12, United_States,<=50, Doctorate
67, Self_emp_not_inc,217892, Married_civ_spouse, Prof_specialty, Husband, White, Male,10605,0,35, United_States,>50K, Doctorate
52, Local_gov,155141, Married_civ_spouse, Prof_specialty, Wife, White, Female,0,0,40, United_States,>50K, Doctorate
62, ?,68461, Married_civ_spouse, ?, Husband, Amer_Indian_Eskimo, Male,0,0,40, United_States,>50K, Doctorate
64, Federal_gov,175534, Married_civ_spouse, Prof_specialty, Husband, Asian_Pac_Islander, Male,0,0,40, China,>50K, Doctorate
64, Private,43738, Widowed, Prof_specialty, Not_in_family, White, Male,0,0,80, United_States,>50K, Doctorate
36, Self_emp_not_inc,347491, Married_civ_spouse, Prof_specialty, Husband, White, Male,0,0,35, United_States,<=50, Doctorate
37, Self_emp_not_inc,137527, Never_married, Prof_specialty, Not_in_family, White, Female,0,2559,60, United_States,>50K, Doctorate
50, Self_emp_not_inc,167728, Married_civ_spouse, Prof_specialty, Husband, White, Male,0,0,60, United_States,>50K, Doctorate
55, Private,175942, Married_civ_spouse, Prof_specialty, Husband, White, Male,0,1977,55, ?,>50K, Doctorate
38, Self_emp_not_inc,239045, Married_civ_spouse, Prof_specialty, Husband, White, Male,0,0,50, United_States,>50K, Doctorate
68, Private,194746, Divorced, Prof_specialty, Not_in_family, White, Female,0,0,40, Cuba,<=50, Doctorate
34, Self_emp_not_inc,213887, Married_civ_spouse, Prof_specialty, Husband, White, Male,0,0,32, Canada,>50K, Doctorate
36, Local_gov,52532, Married_civ_spouse, Prof_specialty, Husband, White, Male,0,1887,50, United_States,>50K, Doctorate
47, Private,192793, Married_civ_spouse, Prof_specialty, Husband, White, Male,0,0,40, Iran,>50K, Doctorate
36, State_gov,340091, Married_civ_spouse, Prof_specialty, Wife, White, Female,0,0,36, United_States,>50K, Doctorate
44, Private,33155, Never_married, Prof_specialty, Not_in_family, White, Male,0,0,45, United_States,<=50, Doctorate
49, Self_emp_not_inc,43348, Never_married, Prof_specialty, Not_in_family, White, Male,99999,0,70, United_States,>50K, Doctorate
45, Private,140644, Divorced, Prof_specialty, Not_in_family, White, Male,0,0,45, United_States,>50K, Doctorate
66, Local_gov,174486, Married_civ_spouse, Prof_specialty, Husband, Black, Male,20051,0,35, Jamaica,>50K, Doctorate
58, State_gov,259929, Never_married, Exec_managerial, Not_in_family, White, Female,0,0,43, United_States,>50K, Doctorate
69, ?,106566, Married_civ_spouse, ?, Husband, White, Male,0,0,50, United_States,>50K, Doctorate
50, Self_emp_not_inc,196504, Married_civ_spouse, Prof_specialty, Husband, White, Male,0,0,23, United_States,<=50, Doctorate
70, ?,54849, Married_civ_spouse, ?, Husband, White, Male,0,0,20, United_States,>50K, Doctorate
42, Private,146659, Married_civ_spouse, Prof_specialty, Husband, White, Male,0,1902,50, United_States,>50K, Doctorate
54, Private,511668, Married_civ_spouse, Exec_managerial, Husband, White, Male,0,1977,43, United_States,>50K, Doctorate
33, State_gov,291494, Married_civ_spouse, Prof_specialty, Husband, White, Male,0,0,50, United_States,>50K, Doctorate
67, Local_gov,190661, Never_married, Prof_specialty, Not_in_family, White, Female,7896,0,50, United_States,>50K, Doctorate
49, State_gov,269417, Never_married, Exec_managerial, Not_in_family, White, Female,0,2258,50, United_States,>50K, Doctorate
79, Federal_gov,62176, Widowed, Exec_managerial, Not_in_family, White, Male,0,0,6, United_States,>50K, Doctorate
39, Private,204527, Married_civ_spouse, Prof_specialty, Husband, White, Male,0,0,50, United_States,>50K, Doctorate
47, Local_gov,128401, Never_married, Prof_specialty, Unmarried, White, Female,0,0,40, United_States,<=50, Doctorate
64, Private,47298, Married_civ_spouse, Prof_specialty, Husband, White, Male,0,0,60, United_States,>50K, Doctorate
44, Private,125461, Married_civ_spouse, Exec_managerial, Husband, White, Male,0,0,60, United_States,>50K, Doctorate
65, Self_emp_inc,184965, Married_civ_spouse, Exec_managerial, Husband, White, Male,99999,0,40, United_States,>50K, Doctorate
57, Private,127277, Married_civ_spouse, Prof_specialty, Husband, Asian_Pac_Islander, Male,0,0,40, Taiwan,>50K, Doctorate
36, Self_emp_not_inc,342719, Married_civ_spouse, Prof_specialty, Husband, White, Male,0,0,45, ?,>50K, Doctorate
57, Private,140426, Married_civ_spouse, Tech_support, Husband, White, Male,0,1977,40, Germany,>50K, Doctorate
65, Private,176796, Widowed, Prof_specialty, Not_in_family, White, Female,0,0,40, United_States,<=50, Doctorate
39, Private,126161, Never_married, Prof_specialty, Not_in_family, White, Male,0,0,45, United_States,<=50, Doctorate
45, Private,329603, Married_civ_spouse, Prof_specialty, Husband, White, Male,0,0,40, Poland,>50K, Doctorate
45, Self_emp_inc,201699, Married_civ_spouse, Prof_specialty, Husband, White, Male,0,0,60, United_States,>50K, Doctorate
47, State_gov,216414, Married_civ_spouse, Prof_specialty, Husband, White, Male,0,0,40, United_States,>50K, Doctorate
58, Private,320102, Married_civ_spouse, Prof_specialty, Husband, White, Male,0,0,50, United_States,>50K, Doctorate
31, Self_emp_not_inc,81030, Married_civ_spouse, Prof_specialty, Husband, White, Male,0,0,40, United_States,>50K, Doctorate
50, Private,123174, Married_civ_spouse, Prof_specialty, Husband, Black, Male,0,0,37, ?,>50K, Doctorate
43, State_gov,424094, Never_married, Prof_specialty, Not_in_family, White, Female,0,0,40, United_States,<=50, Doctorate
29, Private,195284, Divorced, Prof_specialty, Not_in_family, White, Female,0,0,60, United_States,>50K, Doctorate
40, Private,247469, Married_civ_spouse, Prof_specialty, Wife, White, Female,0,0,30, United_States,>50K, Doctorate
47, Self_emp_not_inc,355978, Married_civ_spouse, Transport_moving, Husband, White, Male,0,2002,45, United_States,<=50, Doctorate
62, Private,244087, Married_civ_spouse, Prof_specialty, Husband, White, Male,15024,0,50, United_States,>50K, Doctorate
51, Private,392668, Married_civ_spouse, Exec_managerial, Husband, White, Male,15024,0,84, United_States,>50K, Doctorate
48, Private,119471, Married_civ_spouse, Prof_specialty, Husband, Asian_Pac_Islander, Male,0,0,40, India,>50K, Doctorate
33, State_gov,119628, Married_civ_spouse, Prof_specialty, Husband, Asian_Pac_Islander, Male,0,0,50, Hong,<=50, Doctorate
46, Private,295334, Married_civ_spouse, Prof_specialty, Husband, White, Male,0,0,60, United_States,>50K, Doctorate
45, Private,172274, Divorced, Prof_specialty, Unmarried, Black, Female,0,3004,35, United_States,>50K, Doctorate
36, Private,186865, Married_civ_spouse, Prof_specialty, Husband, White, Male,0,0,60, United_States,>50K, Doctorate
44, Local_gov,177937, Married_civ_spouse, Prof_specialty, Husband, White, Male,0,0,36, United_States,>50K, Doctorate
61, State_gov,379885, Married_civ_spouse, Prof_specialty, Husband, White, Male,0,1902,40, United_States,>50K, Doctorate
40, Private,320451, Married_civ_spouse, Prof_specialty, Husband, Asian_Pac_Islander, Male,0,1977,45, Hong,>50K, Doctorate
34, State_gov,44464, Never_married, Prof_specialty, Not_in_family, White, Female,0,0,60, United_States,<=50, Doctorate
45, Private,243631, Married_civ_spouse, Prof_specialty, Husband, Asian_Pac_Islander, Male,0,0,45, China,>50K, Doctorate
28, Local_gov,138332, Divorced, Prof_specialty, Not_in_family, White, Female,0,0,40, United_States,<=50, Doctorate
31, Private,298871, Married_civ_spouse, Prof_specialty, Husband, Asian_Pac_Islander, Male,0,0,40, China,<=50, Doctorate
57, Self_emp_not_inc,413373, Married_civ_spouse, Sales, Husband, White, Male,0,1902,40, United_States,>50K, Doctorate
46, Self_emp_not_inc,165754, Never_married, Prof_specialty, Not_in_family, White, Female,0,0,45, United_States,<=50, Doctorate
49, Private,237920, Married_civ_spouse, Sales, Husband, White, Male,0,0,60, United_States,<=50, Doctorate
60, State_gov,165827, Married_civ_spouse, Prof_specialty, Husband, White, Male,0,0,55, United_States,<=50, Doctorate
61, ?,101602, Married_civ_spouse, ?, Husband, White, Male,0,0,25, United_States,>50K, Doctorate
55, Private,104724, Married_civ_spouse, Prof_specialty, Husband, White, Male,0,0,40, United_States,>50K, Doctorate
53, State_gov,229465, Married_civ_spouse, Prof_specialty, Husband, White, Male,0,0,50, United_States,>50K, Doctorate
59, Private,384246, Married_civ_spouse, Prof_specialty, Husband, White, Male,0,0,50, United_States,<=50, Doctorate
51, Federal_gov,223206, Married_civ_spouse, Prof_specialty, Husband, Asian_Pac_Islander, Male,15024,0,40, Vietnam,>50K, Doctorate
50, Private,177896, Married_civ_spouse, Prof_specialty, Husband, White, Male,0,0,40, United_States,>50K, Doctorate
41, Private,182108, Never_married, Machine_op_inspct, Not_in_family, White, Female,0,0,40, United_States,>50K, Doctorate
54, Local_gov,34832, Married_civ_spouse, Exec_managerial, Husband, White, Male,0,0,60, United_States,>50K, Doctorate
48, Private,123075, Married_civ_spouse, Prof_specialty, Husband, White, Male,0,0,45, United_States,>50K, Doctorate
51, Local_gov,203334, Divorced, Exec_managerial, Not_in_family, White, Female,0,0,45, United_States,>50K, Doctorate
58, Self_emp_inc,181974, Never_married, Prof_specialty, Not_in_family, White, Female,0,0,99, ?,<=50, Doctorate
50, Private,485710, Divorced, Prof_specialty, Not_in_family, White, Female,0,0,50, United_States,<=50, Doctorate
34, Private,204461, Married_civ_spouse, Prof_specialty, Husband, White, Male,0,0,60, United_States,>50K, Doctorate
71, ?,287372, Married_civ_spouse, ?, Husband, White, Male,0,0,10, United_States,>50K, Doctorate
40, Private,85019, Married_civ_spouse, Prof_specialty, Husband, Asian_Pac_Islander, Male,0,0,45, ?,>50K, Doctorate
48, Federal_gov,42972, Married_civ_spouse, Prof_specialty, Wife, White, Female,0,0,40, United_States,>50K, Doctorate
42, Self_emp_inc,100793, Married_civ_spouse, Prof_specialty, Husband, White, Male,0,0,41, United_States,>50K, Doctorate
58, Self_emp_not_inc,159021, Married_civ_spouse, Prof_specialty, Husband, White, Male,0,0,16, United_States,>50K, Doctorate
64, Self_emp_not_inc,71807, Married_civ_spouse, Prof_specialty, Husband, White, Male,15024,0,50, ?,>50K, Doctorate
58, Self_emp_not_inc,112076, Married_AF_spouse, Exec_managerial, Wife, White, Female,0,1485,35, United_States,>50K, Doctorate
44, Private,118059, Married_civ_spouse, Prof_specialty, Husband, White, Male,0,0,55, United_States,>50K, Doctorate
41, Private,177989, Married_civ_spouse, Prof_specialty, Husband, White, Male,0,2051,60, United_States,<=50, Doctorate
60, Self_emp_not_inc,121076, Divorced, Sales, Not_in_family, White, Male,0,0,20, United_States,<=50, Doctorate
45, Local_gov,211666, Never_married, Prof_specialty, Not_in_family, White, Female,0,0,40, United_States,>50K, Doctorate
35, Federal_gov,207973, Married_civ_spouse, Prof_specialty, Husband, White, Male,0,0,55, Canada,<=50, Doctorate
41, Private,143069, Married_civ_spouse, Prof_specialty, Husband, White, Male,0,0,60, United_States,<=50, Doctorate
38, Private,216319, Married_civ_spouse, Prof_specialty, Husband, Asian_Pac_Islander, Male,0,0,40, China,>50K, Doctorate
53, State_gov,195690, Married_civ_spouse, Prof_specialty, Husband, White, Male,0,1902,50, United_States,>50K, Doctorate
44, State_gov,107503, Married_civ_spouse, Prof_specialty, Husband, White, Male,5013,0,60, United_States,<=50, Doctorate
27, State_gov,301302, Married_spouse_absent, Tech_support, Not_in_family, White, Male,0,0,20, ?,<=50, Doctorate
67, Private,366425, Divorced, Exec_managerial, Not_in_family, White, Male,99999,0,60, United_States,>50K, Doctorate
41, Private,195821, Married_civ_spouse, Exec_managerial, Wife, White, Female,0,1902,40, United_States,>50K, Doctorate
55, Self_emp_inc,298449, Married_civ_spouse, Prof_specialty, Husband, White, Male,0,2179,60, United_States,<=50, Doctorate
49, Self_emp_not_inc,43479, Divorced, Prof_specialty, Unmarried, White, Male,0,0,63, Canada,>50K, Doctorate
33, State_gov,150688, Married_civ_spouse, Prof_specialty, Husband, Asian_Pac_Islander, Male,0,0,50, India,>50K, Doctorate
54, ?,120781, Married_spouse_absent, ?, Unmarried, Asian_Pac_Islander, Male,0,0,20, India,<=50, Doctorate
29, Private,149902, Never_married, Prof_specialty, Not_in_family, White, Female,0,0,80, United_States,<=50, Doctorate
42, State_gov,218948, Divorced, Prof_specialty, Unmarried, Black, Female,0,0,36, Jamaica,<=50, Doctorate
43, State_gov,344519, Married_civ_spouse, Prof_specialty, Wife, White, Female,0,0,40, United_States,>50K, Doctorate
56, Private,364899, Married_civ_spouse, Prof_specialty, Husband, White, Male,7688,0,65, United_States,>50K, Doctorate
48, Self_emp_inc,49298, Married_civ_spouse, Prof_specialty, Husband, White, Male,0,1902,50, United_States,>50K, Doctorate
33, Federal_gov,97654, Married_civ_spouse, Prof_specialty, Husband, White, Male,0,0,40, United_States,<=50, Doctorate
38, Self_emp_inc,98360, Married_civ_spouse, Prof_specialty, Husband, White, Male,0,0,50, United_States,>50K, Doctorate
62, Self_emp_not_inc,116626, Widowed, Exec_managerial, Not_in_family, White, Female,0,0,40, United_States,>50K, Doctorate
47, Private,121253, Divorced, Prof_specialty, Unmarried, White, Female,0,0,29, United_States,<=50, Doctorate
45, Private,382532, Married_civ_spouse, Prof_specialty, Husband, White, Male,0,0,50, United_States,>50K, Doctorate
47, Private,203505, Never_married, Prof_specialty, Own_child, White, Female,0,0,23, United_States,<=50, Doctorate
50, State_gov,392668, Married_civ_spouse, Prof_specialty, Husband, White, Male,0,0,40, United_States,>50K, Doctorate
77, State_gov,267799, Married_spouse_absent, Prof_specialty, Not_in_family, White, Male,0,0,4, United_States,>50K, Doctorate
64, State_gov,184271, Married_civ_spouse, Prof_specialty, Husband, White, Male,0,0,50, United_States,>50K, Doctorate
46, Private,123681, Divorced, Prof_specialty, Not_in_family, White, Male,0,0,40, United_States,<=50, Doctorate
29, Private,193152, Married_civ_spouse, Prof_specialty, Husband, White, Male,0,0,45, United_States,>50K, Doctorate
43, Self_emp_inc,215458, Never_married, Prof_specialty, Not_in_family, White, Male,99999,0,45, United_States,>50K, Doctorate
51, State_gov,79324, Divorced, Prof_specialty, Not_in_family, White, Male,0,0,30, United_States,<=50, Doctorate
50, State_gov,143822, Married_civ_spouse, Prof_specialty, Husband, White, Male,15024,0,40, United_States,>50K, Doctorate
58, State_gov,21838, Married_civ_spouse, Prof_specialty, Husband, White, Male,7688,0,50, United_States,>50K, Doctorate
50, Self_emp_inc,68898, Married_civ_spouse, Exec_managerial, Husband, White, Male,7688,0,60, United_States,>50K, Doctorate
62, Self_emp_inc,164616, Married_civ_spouse, Prof_specialty, Husband, White, Male,15024,0,45, United_States,>50K, Doctorate
41, Federal_gov,58447, Married_civ_spouse, Prof_specialty, Husband, White, Male,7688,0,50, United_States,>50K, Doctorate
45, Federal_gov,230685, Married_civ_spouse, Prof_specialty, Husband, White, Male,0,0,40, United_States,>50K, Doctorate
51, Self_emp_not_inc,43878, Divorced, Sales, Not_in_family, White, Male,0,0,50, United_States,>50K, Doctorate
43, Self_emp_not_inc,207578, Married_civ_spouse, Prof_specialty, Husband, White, Male,0,0,42, United_States,>50K, Doctorate
32, Private,72630, Never_married, Prof_specialty, Not_in_family, White, Male,3325,0,45, United_States,<=50, Doctorate
50, Private,180195, Married_civ_spouse, Prof_specialty, Husband, White, Male,99999,0,50, United_States,>50K, Doctorate
45, Private,240629, Married_civ_spouse, Prof_specialty, Husband, White, Male,0,0,40, United_States,>50K, Doctorate
39, Private,181983, Divorced, Exec_managerial, Not_in_family, White, Female,0,2559,60, England,>50K, Doctorate
53, Self_emp_inc,200400, Divorced, Exec_managerial, Not_in_family, White, Male,0,0,60, United_States,>50K, Doctorate
56, Private,67153, Married_civ_spouse, Exec_managerial, Husband, White, Male,0,0,60, United_States,>50K, Doctorate
51, State_gov,367209, Married_spouse_absent, Prof_specialty, Not_in_family, White, Male,0,0,70, United_States,>50K, Doctorate
56, State_gov,222745, Married_civ_spouse, Transport_moving, Husband, White, Male,0,0,56, United_States,<=50, Doctorate
48, Local_gov,204629, Married_civ_spouse, Prof_specialty, Husband, White, Male,15024,0,45, Canada,>50K, Doctorate
28, Private,216757, Never_married, Prof_specialty, Own_child, White, Male,0,0,30, United_States,<=50, Doctorate
49, Self_emp_inc,211020, Married_civ_spouse, Prof_specialty, Husband, White, Male,15024,0,50, United_States,>50K, Doctorate
62, State_gov,213700, Divorced, Prof_specialty, Not_in_family, White, Male,0,0,50, United_States,<=50, Doctorate
47, Private,193047, Married_civ_spouse, Sales, Husband, White, Male,0,0,60, United_States,<=50, Doctorate
40, Private,36556, Married_civ_spouse, Prof_specialty, Husband, White, Male,0,0,55, United_States,<=50, Doctorate
42, Private,348059, Divorced, Exec_managerial, Not_in_family, White, Male,0,0,60, United_States,<=50, Doctorate
61, Private,200427, Married_civ_spouse, Prof_specialty, Husband, White, Male,0,0,40, United_States,>50K, Doctorate
46, Private,344415, Married_civ_spouse, Prof_specialty, Husband, White, Male,0,0,40, United_States,>50K, Doctorate
42, Self_emp_not_inc,344624, Never_married, Prof_specialty, Not_in_family, White, Male,0,0,99, United_States,>50K, Doctorate
49, Private,132476, Divorced, Tech_support, Unmarried, White, Male,7430,0,40, United_States,>50K, Doctorate
49, Private,330535, Divorced, Exec_managerial, Unmarried, White, Male,0,0,40, United_States,>50K, Doctorate
50, Local_gov,68898, Married_civ_spouse, Exec_managerial, Husband, White, Male,0,0,55, United_States,>50K, Doctorate
37, Local_gov,184112, Divorced, Prof_specialty, Not_in_family, White, Female,0,0,40, United_States,>50K, Doctorate
33, State_gov,25806, Married_civ_spouse, Prof_specialty, Husband, Asian_Pac_Islander, Male,0,0,20, ?,<=50, Doctorate
47, State_gov,29023, Married_civ_spouse, Prof_specialty, Husband, Asian_Pac_Islander, Male,0,0,40, India,>50K, Doctorate
59, Self_emp_not_inc,182142, Married_civ_spouse, Prof_specialty, Husband, White, Male,0,0,40, United_States,<=50, Doctorate
62, Self_emp_inc,191520, Married_civ_spouse, Prof_specialty, Husband, White, Male,99999,0,80, United_States,>50K, Doctorate
62, Private,190491, Married_civ_spouse, Prof_specialty, Husband, White, Male,15024,0,45, United_States,>50K, Doctorate
35, Private,226528, Married_spouse_absent, Prof_specialty, Not_in_family, Other, Male,0,0,60, England,>50K, Doctorate
33, State_gov,209768, Never_married, Prof_specialty, Not_in_family, White, Male,0,0,40, United_States,<=50, Doctorate
38, Self_emp_not_inc,203988, Married_civ_spouse, Prof_specialty, Husband, White, Male,99999,0,55, United_States,>50K, Doctorate
44, State_gov,342510, Married_civ_spouse, Prof_specialty, Wife, White, Female,7688,0,40, United_States,>50K, Doctorate
55, Private,138594, Married_civ_spouse, Prof_specialty, Husband, White, Male,0,0,56, United_States,>50K, Doctorate
57, Self_emp_not_inc,87584, Divorced, Prof_specialty, Not_in_family, White, Female,0,0,25, United_States,<=50, Doctorate
64, State_gov,417543, Widowed, Prof_specialty, Not_in_family, Black, Male,8614,0,50, United_States,>50K, Doctorate
52, Federal_gov,297906, Married_civ_spouse, Prof_specialty, Husband, Asian_Pac_Islander, Male,0,0,40, ?,>50K, Doctorate
44, Self_emp_not_inc,95298, Married_civ_spouse, Prof_specialty, Husband, White, Male,0,0,70, United_States,>50K, Doctorate
62, Self_emp_not_inc,56317, Married_civ_spouse, Prof_specialty, Husband, White, Male,0,0,50, ?,>50K, Doctorate
37, Private,122889, Married_civ_spouse, Prof_specialty, Husband, Asian_Pac_Islander, Male,7298,0,40, Taiwan,>50K, Doctorate
77, Private,213136, Widowed, Exec_managerial, Unmarried, White, Male,0,0,40, United_States,<=50, Doctorate
27, Private,201017, Married_civ_spouse, Prof_specialty, Husband, White, Male,0,0,80, United_States,<=50, Doctorate
48, State_gov,77102, Married_civ_spouse, Prof_specialty, Husband, White, Male,0,0,45, United_States,>50K, Doctorate
39, Self_emp_not_inc,193026, Married_civ_spouse, Prof_specialty, Husband, White, Male,0,0,55, United_States,>50K, Doctorate
36, Private,181099, Married_civ_spouse, Exec_managerial, Husband, White, Male,0,0,40, United_States,<=50, Doctorate
35, State_gov,37314, Never_married, Prof_specialty, Not_in_family, White, Male,0,0,55, United_States,<=50, Doctorate
47, State_gov,61062, Separated, Exec_managerial, Own_child, Asian_Pac_Islander, Male,2354,0,45, United_States,<=50, Doctorate
58, Self_emp_not_inc,98015, Married_civ_spouse, Prof_specialty, Husband, White, Male,15024,0,32, United_States,>50K, Doctorate
32, Self_emp_not_inc,291414, Married_civ_spouse, Prof_specialty, Husband, White, Male,0,0,35, United_States,>50K, Doctorate
46, Private,182414, Married_civ_spouse, Prof_specialty, Husband, White, Male,0,0,55, United_States,>50K, Doctorate
47, Self_emp_inc,85109, Married_civ_spouse, Prof_specialty, Husband, White, Male,0,0,50, United_States,<=50, Doctorate
38, Self_emp_inc,179579, Married_civ_spouse, Exec_managerial, Husband, White, Male,0,0,60, United_States,>50K, Doctorate
62, Private,176839, Never_married, Exec_managerial, Not_in_family, White, Male,0,0,50, United_States,>50K, Doctorate
51, Local_gov,252029, Divorced, Prof_specialty, Not_in_family, White, Female,0,0,45, United_States,>50K, Doctorate
41, Self_emp_inc,443508, Married_civ_spouse, Exec_managerial, Husband, White, Male,99999,0,60, United_States,>50K, Doctorate
58, Private,125317, Married_civ_spouse, Prof_specialty, Husband, White, Male,0,0,60, United_States,>50K, Doctorate
33, Private,473133, Married_civ_spouse, Prof_specialty, Husband, White, Male,15024,0,50, United_States,>50K, Doctorate
48, Private,102359, Married_civ_spouse, Prof_specialty, Husband, White, Male,0,0,60, United_States,>50K, Doctorate
51, Private,177927, Married_civ_spouse, Prof_specialty, Husband, White, Male,0,0,60, United_States,>50K, Doctorate
62, Private,93997, Married_civ_spouse, Exec_managerial, Husband, White, Male,99999,0,40, United_States,>50K, Doctorate
44, State_gov,26880, Divorced, Prof_specialty, Not_in_family, White, Female,0,1092,40, United_States,<=50, Doctorate
48, Local_gov,452402, Never_married, Prof_specialty, Unmarried, Black, Female,0,0,15, United_States,<=50, Doctorate
33, Private,361280, Married_civ_spouse, Tech_support, Husband, Asian_Pac_Islander, Male,0,0,40, Japan,<=50, Doctorate
51, Private,103995, Widowed, Prof_specialty, Not_in_family, White, Female,10520,0,60, United_States,>50K, Doctorate
33, Private,192644, Married_civ_spouse, Prof_specialty, Husband, White, Male,0,1977,90, United_States,>50K, Doctorate
45, Private,252242, Divorced, Sales, Not_in_family, White, Male,99999,0,55, United_States,>50K, Doctorate
53, Private,95864, Married_civ_spouse, Prof_specialty, Husband, White, Male,15024,0,50, England,>50K, Doctorate
46, Private,331498, Never_married, Other_service, Own_child, White, Male,0,0,40, ?,<=50, Doctorate
44, Private,146659, Married_civ_spouse, Prof_specialty, Husband, White, Male,0,0,50, United_States,<=50, Doctorate
39, State_gov,252662, Never_married, Prof_specialty, Not_in_family, White, Male,0,2824,50, United_States,>50K, Doctorate
39, State_gov,126894, Never_married, Prof_specialty, Not_in_family, Black, Female,0,0,30, United_States,<=50, Doctorate
50, Private,57852, Married_civ_spouse, Prof_specialty, Husband, White, Male,0,0,55, United_States,>50K, Doctorate
47, Local_gov,150211, Married_civ_spouse, Exec_managerial, Husband, White, Male,0,0,40, United_States,>50K, Doctorate
45, Self_emp_not_inc,181307, Separated, Prof_specialty, Not_in_family, White, Male,0,1408,40, United_States,<=50, Doctorate
33, State_gov,340899, Married_civ_spouse, Tech_support, Husband, White, Male,0,0,45, United_States,>50K, Doctorate
36, State_gov,25806, Married_civ_spouse, Prof_specialty, Husband, Asian_Pac_Islander, Male,0,0,40, China,<=50, Doctorate
55, Private,141807, Married_civ_spouse, Exec_managerial, Husband, White, Male,0,0,40, United_States,>50K, Doctorate
51, State_gov,108037, Divorced, Exec_managerial, Not_in_family, White, Female,0,0,40, United_States,<=50, Doctorate
70, ?,116080, Married_civ_spouse, ?, Husband, White, Male,0,0,2, United_States,>50K, Doctorate
59, Self_emp_inc,132559, Married_civ_spouse, Craft_repair, Husband, White, Male,0,1977,55, United_States,>50K, Doctorate
56, State_gov,165867, Married_civ_spouse, Prof_specialty, Husband, White, Male,0,0,40, United_States,>50K, Doctorate
44, State_gov,46221, Never_married, Prof_specialty, Not_in_family, White, Male,0,0,45, United_States,>50K, Doctorate
53, Private,114758, Married_civ_spouse, Prof_specialty, Husband, White, Male,0,0,20, United_States,<=50, Doctorate
38, Private,100079, Married_spouse_absent, Prof_specialty, Not_in_family, Asian_Pac_Islander, Male,27828,0,60, China,>50K, Doctorate
36, Self_emp_inc,176289, Never_married, Prof_specialty, Not_in_family, White, Female,0,0,40, United_States,<=50, Doctorate
67, ?,40021, Married_civ_spouse, ?, Husband, White, Male,0,0,40, United_States,<=50, Doctorate
40, State_gov,114714, Married_civ_spouse, Exec_managerial, Husband, Asian_Pac_Islander, Male,0,0,40, Taiwan,>50K, Doctorate
46, Private,67001, Married_civ_spouse, Prof_specialty, Husband, White, Male,0,0,40, United_States,>50K, Doctorate
41, Self_emp_not_inc,49156, Never_married, Prof_specialty, Not_in_family, White, Male,0,0,30, United_States,<=50, Doctorate
34, Private,87535, Never_married, Exec_managerial, Not_in_family, White, Female,0,0,40, United_States,<=50, Doctorate
50, Private,195844, Never_married, Exec_managerial, Not_in_family, White, Male,13550,0,50, United_States,>50K, Doctorate
42, Private,167948, Married_civ_spouse, Prof_specialty, Husband, Asian_Pac_Islander, Male,0,0,40, South,>50K, Doctorate
44, Private,136986, Married_civ_spouse, Prof_specialty, Husband, White, Male,0,0,50, United_States,>50K, Doctorate
46, Private,278322, Married_civ_spouse, Sales, Husband, White, Male,0,0,40, United_States,>50K, Doctorate
33, Private,36222, Married_civ_spouse, Prof_specialty, Husband, White, Male,0,0,45, United_States,>50K, Doctorate
32, Private,303692, Divorced, Prof_specialty, Not_in_family, White, Male,0,0,40, United_States,>50K, Doctorate
41, Self_emp_inc,160120, Married_civ_spouse, Sales, Husband, Asian_Pac_Islander, Male,0,0,40, Taiwan,>50K, Doctorate
38, Private,367260, Married_civ_spouse, Adm_clerical, Husband, White, Male,0,0,40, United_States,<=50, Doctorate
40, Private,174395, Married_civ_spouse, Exec_managerial, Husband, White, Male,0,0,40, United_States,>50K, Doctorate
59, Private,108929, Never_married, Prof_specialty, Not_in_family, White, Male,0,0,50, United_States,<=50, Doctorate
53, Private,590941, Never_married, Prof_specialty, Unmarried, White, Female,0,1408,40, United_States,<=50, Doctorate
48, Self_emp_inc,188694, Married_civ_spouse, Exec_managerial, Husband, White, Male,0,0,40, United_States,>50K, Doctorate
34, Private,114691, Married_civ_spouse, Prof_specialty, Husband, White, Male,0,0,50, United_States,>50K, Doctorate
44, Private,321824, Married_civ_spouse, Prof_specialty, Husband, White, Male,0,0,20, United_States,<=50, Doctorate
46, Private,25894, Divorced, Prof_specialty, Not_in_family, Asian_Pac_Islander, Male,0,0,40, India,>50K, Doctorate
60, Private,258869, Separated, Priv_house_serv, Unmarried, White, Female,0,0,30, Nicaragua,<=50, Doctorate
61, Self_emp_not_inc,48846, Married_civ_spouse, Prof_specialty, Husband, White, Male,0,0,55, United_States,>50K, Doctorate
73, Self_emp_not_inc,256401, Married_civ_spouse, Prof_specialty, Husband, White, Male,0,0,28, United_States,>50K, Doctorate
73, Self_emp_not_inc,110787, Married_civ_spouse, Exec_managerial, Husband, White, Male,1409,0,2, United_States,<=50, Doctorate
52, Private,122412, Married_civ_spouse, Prof_specialty, Wife, White, Female,99999,0,35, United_States,>50K, Doctorate
26, Private,96645, Never_married, Craft_repair, Other_relative, Black, Male,0,0,20, United_States,<=50, Doctorate
60, State_gov,265201, Married_civ_spouse, Prof_specialty, Husband, White, Male,0,0,50, United_States,>50K, Doctorate
27, Private,189565, Married_civ_spouse, Prof_specialty, Husband, White, Male,0,0,40, United_States,>50K, Doctorate
36, State_gov,230329, Married_civ_spouse, Prof_specialty, Husband, White, Male,7298,0,40, United_States,>50K, Doctorate
42, Private,167174, Married_civ_spouse, Prof_specialty, Husband, Asian_Pac_Islander, Male,0,0,50, China,>50K, Doctorate
49, State_gov,70209, Divorced, Prof_specialty, Not_in_family, White, Female,14084,0,60, United_States,>50K, Doctorate
57, Self_emp_not_inc,130957, Married_civ_spouse, Prof_specialty, Husband, White, Male,0,1887,70, United_States,>50K, Doctorate
40, Self_emp_inc,46221, Never_married, Prof_specialty, Not_in_family, White, Male,99999,0,55, United_States,>50K, Doctorate
37, Private,123104, Married_civ_spouse, Prof_specialty, Husband, White, Male,0,0,40, United_States,<=50, Doctorate
28, Self_emp_not_inc,146735, Married_civ_spouse, Prof_specialty, Husband, White, Male,0,0,50, United_States,>50K, Doctorate
32, State_gov,246282, Married_civ_spouse, Prof_specialty, Husband, White, Male,2961,0,99, ?,<=50, Doctorate
48, Self_emp_not_inc,196707, Married_civ_spouse, Prof_specialty, Husband, White, Male,99999,0,60, United_States,>50K, Doctorate
39, Private,132879, Married_civ_spouse, Exec_managerial, Husband, White, Male,0,0,42, United_States,>50K, Doctorate
56, Private,169086, Married_civ_spouse, Prof_specialty, Husband, White, Male,0,0,55, ?,>50K, Doctorate
48, Private,366089, Married_civ_spouse, Prof_specialty, Husband, White, Male,0,0,45, United_States,>50K, Doctorate
30, Self_emp_not_inc,209808, Married_civ_spouse, Prof_specialty, Husband, White, Male,0,0,40, United_States,>50K, Doctorate
50, Private,205803, Married_civ_spouse, Prof_specialty, Husband, White, Male,0,0,40, United_States,>50K, Doctorate
75, Self_emp_inc,152519, Widowed, Prof_specialty, Not_in_family, White, Male,25124,0,20, United_States,>50K, Doctorate
55, Private,205759, Never_married, Prof_specialty, Not_in_family, White, Male,0,0,40, United_States,<=50, Doctorate
53, Self_emp_inc,69372, Married_civ_spouse, Sales, Husband, Asian_Pac_Islander, Male,0,0,40, India,>50K, Doctorate
50, Private,256908, Married_civ_spouse, Sales, Husband, White, Male,0,0,50, United_States,>50K, Doctorate
43, Private,435266, Separated, Exec_managerial, Not_in_family, White, Female,14084,0,60, United_States,>50K, Doctorate
49, Private,120121, Married_civ_spouse, Prof_specialty, Husband, White, Male,7688,0,45, United_States,>50K, Doctorate
54, Private,317733, Widowed, Tech_support, Unmarried, White, Male,0,2472,40, United_States,>50K, Doctorate
64, Local_gov,47298, Married_civ_spouse, Protective_serv, Husband, White, Male,0,0,45, United_States,>50K, Doctorate
